Назва,Стан,Категорія,Місцезнаходження,Переможець,"Номер лота","Стартова ціна","Ціна продажу",Проовадження
"Машина для сортування зерна ОВС25, червоного кольору, рік випуску невідомий","Очікування сплати",Сільгосптехніка,"Закарпатська обл.","Учасник №44",470634,9600.00,41760.00,63069530
"Нежилі приміщення з № 1 по № 24, № 1 групи приміщень № 57, загальною площею 498,4 кв.м., що знаходиться за адресою: м. Київ, вул. Волгоградська, будинок 21А","Торги зупинено","Нежитлове приміщення",м.Київ,,470967,1235800.00,,62988631
"Сіялка кукурудзяна марки «GASPARDO» червоного кольору, 2001 року випуску","Торги не відбулися",Сільгосптехніка,"Закарпатська обл.",,473599,63646.50,0.00,63069530
"Вантажний самоскид, марки ГАЗ-САЗ, модель 3503, рік випуску 1981, кузов № 0417875, державний реєстраційний номер АО7342ВК, зеленого кольору","Торги не відбулися","Вантажні автомобілі","Закарпатська обл.",,476181,16150.00,0.00,63069530
"ІПОТЕКА. Однокімнатна квартира № 5, загальною площею 32.5 кв.м., за адресою: м. Одеса, Військовий узвіз, буд. 8","Торги припинено","Житлова нерухомість","Одеська обл.",,477991,433448.00,,64739671
"Земельна ділянка, загальною площею 3.6915 га, кадастровий номер: 3222782300:12:001:0021, що розташована за адресою: Забуянівська сільська рада, Макарівського району, Київської області","Торги зупинено","Земельні ділянки","Київська обл.","Учасник №14",478124,93000.00,179490.00,64719835
"1/9 частина  цілого убудовано-прибудованого приміщення, загальною площею 540,5 кв.м,  розташована за адресою:  Запорізька обл., м. Бердянськ, вул. Горького, буд. 47/ вул. Першотравнева, буд. 38","Торги зупинено","Комерційна нерухомість","Запорізька обл.","Учасник №1",484330,616420.00,616420.00,58992818
"ІПОТЕКА.1/2 частина двокімнатної квартири, загальною площею 44,1 кв.м., що розташована за адресою: Дніпропетровська область, м. Кривий Ріг, вул. Героїв АТО, буд. 75, КВ.10","Підписання протоколу","Житлова нерухомість","Дніпропетровська обл.","Учасник №1",485585,56000.00,57680.00,60536747
"Футболка чоловіча, ФМХ-01, білого кольору, у кількості 40 штук","Торги відбулися",Одяг,"Миколаївська обл.","Учасник №5",487301,900.00,900.00,56156569
"Майки чоловічі, білого кольору, нові, у кількості 15 штук","Торги відбулися",Одяг,"Миколаївська обл.","Учасник №6",487306,150.00,165.00,56156569
"1/2 частина однокімнатної квартири загальною площею 49,50 кв.м., що знаходиться за адресою: м. Київ, вулиця Олени Пчілки 2, кв. 586","Торги відбулися","Житлова нерухомість",м.Київ,"Учасник №2",487761,445550.00,445550.00,64817410
"Вантажний автомобіль марки КАМАЗ модель 55102, оранжевого кольору, 1985 р.в., № шасі 5320228988, VIN: 2309265/4300, ДНЗ АВ4893ВМ","Складання акту","Вантажні автомобілі","Вінницька обл.","Учасник №29",487769,45630.00,65012.00,63365900
"ГАЗ 5312, вантажний, 1985 р.в., №шасі 0912305, жовтого кольору, днз АВ7538СН","Торги відбулися","Вантажні автомобілі","Вінницька обл.","Учасник №23",487670,20956.00,38360.00,64700043
"ІПОТЕКА: будівля друкарні загальною площею 332,7 кв.м., за адресою: Донецька область, смт Велика Новосілка, пр-т. Гагаріна, 22","Торги зупинено",Будівлі,"Донецька обл.",,487846,280000.00,,"ЗВП 63111954"
"Смартфон Huawei Y5 2019 AmberBrown (AMN-LX9)","Очікування сплати","Мобільні телефони","Волинська обл.","Учасник №1",489095,975.00,1205.01,65483849
"ІПОТЕКА. Житловий будинок, загальною площею 41,60 кв.м., та земельна ділянка площею 0,23 га, кадастровий номер 2322184903:06:001:0224 за адресою: Запорізька область, Запорізький район, с. Канівське, вул. Набережна, буд. 8","Торги відбулися","Житлова нерухомість","Запорізька обл.","Учасник №1",490213,95123.70,95123.70,51379193
"Мобільний телефон Nokia модель RM-1187","Складання акту","Мобільні телефони","Волинська обл.","Учасник №1",490389,31.25,34.00,62028371
"Іпотека. Однокімнатна квартира, заг. пл. 101.4 м.кв., що знаходиться за адресою: м.Львів, вул. Веделя, будинок 9, квартира 10","Торги відбулися","Житлова нерухомість","Львівська обл.","Учасник №2",490908,1440565.00,1440565.00,61993346
" Іпотека.Приміщення зерноскладу А-1.загальною площею 897,1 кв.м.,що знаходиться за адресою:Волинська обл., Ковельський район, с. Самари, вул.Радянська,1А ","Торги відбулися","Нежитлове приміщення","Волинська обл.","Учасник №2",491685,71487.00,193729.77,65218328
"Автомобіль CHEVROLET LACETTI, 2007 р. в., ДНЗ: ВТ5991АЕ, номер кузову: KL1NF19BE7K707538","Торги відбулися","Легкові автомобілі","Херсонська обл.","Учасник №5",491422,125922.00,125922.00,32904470
"Мікроавтобус IVECO Daily, 2002 р.в., державний реєстраційний номер ВХ6567ВЕ, номер кузову  ZCFC359100D183645","Торги відбулися",Автобуси,"Хмельницька обл.","Учасник №3",492076,60000.00,60000.00,59012619
"Взуття жіноче та чоловіче в асортименті різних розмірів - 11 пар, сумки жіночі - 2 шт.","Очікування сплати","Аукціон із різнотипних товарів","Чернігівська обл.","Учасник №4",492118,7704.80,9690.00,65533810
"Садовий будинок загальною площею 34,3 кв.м. та земельна ділянка, кадастровий номер 7425589100:07:000:4212, площею 0,0482 га, місцезнаходження: Чернігівська область, Чернігівський район, с/р Халявинська, садівниче товариство ""Стрижень"", ділянка 212","Очікування сплати","Житлова нерухомість","Чернігівська обл.","Учасник №1",492122,57116.50,70002.00,63132354
"Датчики тиску YS-1100B у кількості 5 шт., датчики з маркуванням YS G1/4 1803 у кількості 5 шт.","Складання акту",Обладнання,м.Київ,"Учасник №2",492136,3321.00,3321.00,59541071
"Мобільний телефон з маркуванням Google Pixel 2 XL, Model G011C, EVIEI 358034087537640, в комплекті з аксесуарами, в заводській упаковці 1 шт. ; новий силіконовий чохол для телефону без маркувань 1 шт.","Торги відбулися","Мобільні телефони","Львівська обл.","Учасник №4",492193,3198.00,3837.60,64325536
"1/2 частина будівлі гаражу загальною площею 58.7 кв.м. та 1/2 частина земельної діляни К/Н 4423355100:01:001:0860, загальною площею 0,01 га за адресою: Луганська обл., Новопсковський р., смт. Новопсков, вулиця Гагаріна, будинок 5Д, гараж 1","Торги відбулися",Гаражі/стоянки,"Луганська обл.","Учасник №1",491895,101000.00,101000.00,66085106
"Колісний транспортний засіб OPEL VECTRA, 1999 року випуску, ДНЗ ВС9007НО, VIN: W0L0JBF19Y1045964","Торги відбулися","Легкові автомобілі","Львівська обл.","Учасник №9",491890,5631.00,26747.25,63625385
"Легковий автомобіль марки BMW, модель 540I, 1997 р.в., д/н АH2477ВК, VIN: WBADE61020BU83710","Торги відбулися","Легкові автомобілі","Дніпропетровська обл.","Учасник №37",492371,33850.00,49910.00,65254948
"Вироби циліндричної деревини, не загострені із жодного кінця, у 2-х зв’язках, у кількості 242 шт","Складання акту",Сировина,"Вінницька обл.","Учасник №4",492374,3197.25,5000.00,64278153
"Причіп самоскид–Е СЗАП 8527, 1990 року випуску, реєстраційний номер АВ2571ХХ, зеленого кольору,номер кузова  463188/4301","Торги відбулися",Причепи,"Вінницька обл.","Учасник №3",492375,37329.17,55231.00,65545146
"Транспортний засіб марки  CITROEN JUMPY, 2005 року випуску, білого кольору, реєстраційний номер ВС5903ЕЕ ,VIN VF7ZBAMCB17731526","Торги відбулися","Вантажні автомобілі","Львівська обл.","Учасник №14",492401,20604.00,20604.00,60944471
"Обладнання теплогенеруючого комплексу у кількості 35 одиниць","Торги зупинено",Обладнання,"Дніпропетровська обл.","Учасник №6",492459,8655873.75,28000000.00,65806318
"Легковий автомобіль: DAEWOO NEXIA, 2006 року випуску, колір синій, VIN: XWB3L31UD7A229806, ДНЗ: ВВ9782АР","Складання акту","Легкові автомобілі","Луганська обл.","Учасник №36",492552,25000.00,43000.00,65707467
"Автомобіль, марка TOYOTA, модель YARIS, рік випуску 2004, реєстраційний номер АІ2957СА, VIN/номер шасі (кузова, рами): VNKKV12340A306790","Торги відбулися","Легкові автомобілі",м.Київ,"Учасник №15",492630,45874.50,45874.50,65940754
"Транспортний засіб марки OPEL ASTRA, 2007 року випуску, ДНЗ: ВС2922ВС, № куз.№Y6D0TGF697X014499, чорного кольору, об'єм двигуна - 1598 см. куб., бензин","Складання акту","Легкові автомобілі","Львівська обл.","Учасник №8",492681,49545.00,61000.00,65489322
"Транспортний засіб KIA OPTIMA, 2016 року випуску, реєстраційний номер АА8978ТР № шасі (кузова, рами) KNAGU415GG5061948","Складання акту","Легкові автомобілі",м.Київ,"Учасник №22",492742,370951.00,401001.00,61808966
"Іпотека. Житловий будинок з надвірними будівлями та спорудами  заг. пл. 54,1 кв.м., та земельна ділянка, пл. 0,25 га, к.н. 0724582904:01:001:0007, за адресою: Волинська обл., Рожищенський р., с. Тростянка, вул. Центральна, 49","Торги не відбулися","Житлова нерухомість","Волинська обл.",,492733,226641.00,,66087380
"Іпотека. Житловий будинок з надвірними будівлями, заг. пл. 62,8 кв.м, житл. - 47,0 кв. м та земельна ділянка, пл. 0,12 га, к.н. 0722880700:04:001:0225, за адресою: Волинська обл., Луцький р., с. Рованці, вул. Лугова, 5","Торги не відбулися","Житлова нерухомість","Волинська обл.",,492587,635992.00,,65949506
"ІПОТЕКА: Двокімнатна квартира, загальною площею 41,7 кв.м, за адресою: Харківська обл., Вовчанський р., м. Вовчанськ, вул. Пролетарське поле, буд. 12, кв. 8","Торги не відбулися","Житлова нерухомість","Харківська обл.",,492827,117600.00,,64720763
"ІПОТЕКА:Однокімнатна квартира у будинку готельного типу , загальна  площа 22,6 кв.м., за адресою: Харківська обл., м. Харків, Григорівське шосе, буд. 81, кв. 77","Торги не відбулися","Житлова нерухомість","Харківська обл.",,492831,186720.00,,65597318
"ІПОТЕКА. Цілісний майновий комплекс, загальною площею 5686,9 кв.м., за адресою: Житомирська обл., Любарський р-н., с. Громада, вул. Польова, 2","Торги не відбулися","Промислова нерухомість",м.Київ,,492840,7961660.00,,65285478
"ІПОТЕКА. Житловий будинок загальною площею 266,5 м.кв., за адресою: Одеська область, Овідіопольський район, с. Лиманка (Мізікевича), ж/м ""Совіньон"" вул. Володимирська, 30","Торги не відбулися","Житлова нерухомість","Одеська обл.",,492843,2621838.40,,56355811
"ІПОТЕКА: земельна ділянка площею 1,1168 га., кадастровий номер 3222480400:06:002:0179, що розташована за адресою: Київська область, Києво-Святошинський район, с. Білогородка","Торги не відбулися","Земельні ділянки",м.Київ,,492846,738372.60,,62498602
"Предмет іпотеки. Житловий будинок заг. пл. 52,0 м.кв. та земельна ділянка заг. пл. 0,0658 га, кадастровий № 5910400000:06:057:0001, що знаходяться за адресою: Сумська обл., м. Конотоп, вул. Вільямса, 36","Торги не відбулися","Житлова нерухомість","Сумська обл.",,492702,225200.00,,60750790
"ІПОТЕКА. Житловий будинок А-2 заг. площею 324,20 м.кв. з господарськими будівлями і спорудами та земельна ділянка площею 0,15га, к. н. 0724255100:01:004:0149, що знаходиться за адресою: Волинська область, смт. Ратне, вул. Шкільна, 80","Торги не відбулися","Житлова нерухомість","Волинська обл.",,492877,431109.00,,65648049
"Житловий будинок загальною площею 282.0 кв.м. та земельна ділянка площею 0.100 га., К/Н 8000000000:96:041:0035, за адресою: м.Київ, садово-дачне товариство ""Стадне"" (Дарницький р-н), вул. Озерна 2-га, буд. 38 ","Торги припинено","Житлова нерухомість",м.Київ,,492753,2823000.00,,65724780
"ІПОТЕКА. Трикімнатна квартира №2, загальною площею 97,80 кв.м., що розташована за адресою: Миколаївська обл., м. Южноукраїнськ, пр-т Незалежності (Леніна), буд. №22","Торги не відбулися","Житлова нерухомість",м.Київ,,492872,861468.00,,60700222
"ІПОТЕКА. Двокімнатна квартира № 5-а, загальною площею 36.5 кв.м., за адресою: м. Одеса, вул. Шмідта Лейтенанта, буд. 8","Підписання протоколу","Житлова нерухомість","Одеська обл.","Учасник №2",492798,685312.00,722222.00,62923612
"Предмет іпотеки. Житловий будинок загальною площею 127,2 кв.м., що знаходиться за адресою: Черкаська обл., Уманський р-н, смт. Маньківка, вул. Гагаріна, буд. 17","Торги не відбулися","Житлова нерухомість","Черкаська обл.",,492927,127840.00,,63447250
"ІПОТЕКА.Житловий буд. заг. пл. 57,40 кв.м,1/2 зем.діл,пл 0,0266 га, КН1822085300:02:001:0044, та зем.д, пл.0,0104 га, КН1822085300:02:001:0045,пл.0,1013 га, КН1822085300:02:001:0046, адреса:Житомирська область Житомирський район с.Озерянка,вул.Щорса 9,9А","Торги не відбулися","Житлова нерухомість","Житомирська обл.",,491853,189800.00,,50123038
"ІПОТЕКА. Двокімнатна квартира загальною площею 45.3  кв.м., за адресою: Кіровоградська обл.,  Новоукраїнський р-н., м. Новоукраїнка, вул. Промислова, буд. 24, кв. 2","Торги не відбулися","Житлова нерухомість","Кіровоградська обл.",,492940,143500.00,,65100625
"Предмет іпотеки. Будівля, загальною площею 1431,8 кв.м., які знаходяться за адресою: Вінницька обл., м. Бар, вул. Червоноармійська, буд. 15 А","Торги не відбулися",Будівлі,"Вінницька обл.",,492790,536900.00,,66152319
"ІПОТЕКА. Чотирикімнатна квартира №10, загальною площею 81,8 кв.м., за адресою: Одеська область, Миколаївський район, смт Миколаївка, вул. Бузкова (Фрунзе), буд. 1","Торги не відбулися","Житлова нерухомість","Одеська обл.",,492859,376312.00,,65545715
"Трикімнатна квартира № 1, загальною площею 71.1 кв.м., за адресою: м. Одеса, бульвар Французький, буд. 21","Торги зупинено","Житлова нерухомість","Одеська обл.",,493114,1138597.00,,66085299
"Конвеєр 1Л100, інвентарний номер 49084, б/в — 1 шт.","Складання акту",Інше,"Волинська обл.","Учасник №1",493010,4052.00,4052.00,56840235
"Міні-камера з маркувальним позначенням  «1080Р 12 М Full HD» із флеш картою Kingston об’ємом 16Gb","Торги відбулися","Аксесуари та інше","Волинська обл.","Учасник №4",493383,300.75,315.79,62884341
"Мотоцикл марки Spark, модель SP 125C-2X, 2017 року випуску, реєстраційний номер АЕ8401АВ, синього кольору, VIN/шассі-LB412P9A1HC043227, об'єм двигуна – 127 куб.см","Складання акту",Мототранспорт,"Дніпропетровська обл.","Учасник №25",493430,6100.00,10675.00,45768154
"1/2 частка трикімнатної квартири заг. пл. 58,60 кв.м., за адресою: Миколаївська область, м. Миколаїв, вул. Робоча, 9 кв. 71","Торги відбулися","Житлова нерухомість","Миколаївська обл.","Учасник №3",493367,180820.00,180820.00,65486127
"Мобільні телефони Motorola, Model XT1929-17, без нанесених номерів IMEI на лотках сім-карти, без аксесуарів та упаковок 2 шт., мобільний телефон Motorola, Model XT1929-17, IMEI 355550092218309 без аксесуарів та упаковки 1 шт.","Торги відбулися","Мобільні телефони","Львівська обл.","Учасник №3",493505,5649.75,7101.00,64772922
"Мобільний телефон Samsung Galaxy S20+ Cosmic Black 128Gb SM-G985F/DS ІМЕІ: 355362119116403; мобільний телефон Samsung Galaxy S20 + Cosmic Black 128Gb SM-G985F/DS ІМЕІ: 355362119150659; годинник Garmin Hybrid Smartwatch V1VOMOVE 3 0І0-02239-01753759234317","Торги відбулися","Аукціон із різнотипних товарів","Львівська обл.","Учасник №36",493675,25563.00,37300.00,64385585
"Мобільний телефон Apple Iphone, ХS MAX,Model A1921, IMEI 353102105919317- 1 шт, мобільний телефон Apple Iphone, ХS MAX Model A1921, IMEI 357265094327143- 1 шт, мобільний телефон Apple Iphone, ХS MAX Model A1921, IMEI 357275097726449- 1 шт. ","Торги відбулися","Мобільні телефони","Львівська обл.","Учасник №13",493884,23877.00,27600.00,64291149
"Крило ЛУАЗ переднє ліве в кількості 2 шт.","Складання акту",Запчастини/аксесуари,"Черкаська обл.","Учасник №1",492817,20.00,71.99,32630849
"Передня та задня панель запорожця (комплект), чорного кольору","Складання акту",Запчастини/аксесуари,"Черкаська обл.","Учасник №1",492864,20.00,24.00,32630849
"Бензобак 40 літрів","Складання акту",Запчастини/аксесуари,"Черкаська обл.","Учасник №3",492894,100.00,170.00,32630849
"Транспортний засіб DAEWOO NEXIA, 2007 року випуску, ДНЗ ВН3158ВI, номер кузову: XWB3L31UD7A249491","Складання акту","Легкові автомобілі","Одеська обл.","Учасник №6",493930,12050.00,15555.00,53448783
"Дзеркало ліве Chevrolet Aveo, чорного кольору","Складання акту",Запчастини/аксесуари,"Черкаська обл.","Учасник №1",492941,50.00,92.00,32630849
"Дефлектор Lanos","Складання акту",Запчастини/аксесуари,"Черкаська обл.","Учасник №1",493002,50.00,55.00,32630849
"Провода запалення Daewoo (комплект)","Складання акту",Запчастини/аксесуари,"Черкаська обл.","Учасник №9",493047,20.00,100.99,32630849
"Наконечник рульової тяги правий та лівий ЗАЗ","Складання акту",Запчастини/аксесуари,"Черкаська обл.","Учасник №1",493050,20.00,60.50,32630849
"Автомобіль марки LEXUS моделі ES 350, 2008 року випуску, VIN №JTHBJ46G282182428, реєстраційний номер AE1294CE","Торги відбулися","Легкові автомобілі","Дніпропетровська обл.","Учасник №23",493800,246660.00,251601.00,62725209
"Противотуманка ліва Daewoo Lanos","Складання акту",Запчастини/аксесуари,"Черкаська обл.","Учасник №1",493162,50.00,55.00,32630849
"Диск зчеплення 90375104 Daewoo Lanos,  в кількості 3 шт.","Складання акту",Запчастини/аксесуари,"Черкаська обл.","Учасник №2",493116,40.00,301.60,32630849
"Ремінь ГРМ  Daewoo Lanos","Складання акту",Запчастини/аксесуари,"Черкаська обл.","Учасник №2",493104,10.00,30.45,32630849
"Противотуманка права Daewoo Lanos","Складання акту",Запчастини/аксесуари,"Черкаська обл.","Учасник №1",493164,50.00,91.00,32630849
"Комплект молдингів ","Складання акту",Запчастини/аксесуари,"Черкаська обл.","Учасник №1",493280,20.00,110.90,32630849
"Духи чоловічі фірми виробника Oriflame Home sport у кількості 1 шт.","Складання акту",Інше,"Тернопільська обл.","Учасник №1",494141,125.00,131.25,57567609
"Нежитлова будівля - магазин ""Продукти"" літ. ""А-1"", загальною площею 157.9 кв. м., який знаходиться за адресою: Харківська обл., Чугуївський р., смт. Старий Салтів, вул. Перемоги, 31","Торги припинено","Комерційна нерухомість","Харківська обл.",,494161,249300.00,,49591271
Портфель,"Торги відбулися",Інше,"Хмельницька обл.","Учасник №2",494289,262.50,262.50,60144211
"Двокімнатна квартира № 8, загальною площею 83.8 кв.м., за адресою: м. Одеса, бульвар Французький, буд. 21","Торги зупинено","Житлова нерухомість","Одеська обл.",,494296,1341984.00,,66085299
"Добровільний продаж. Нежитлове приміщення №109 ЖК ""Фестивальний"" заг. пл. 13,1 кв.м, що знаходиться за адресою: Дніпропетровська обл., м. Дніпро, вул. Січеславська Набережна, буд. 49а","Торги не відбулися","Нежитлове приміщення",м.Київ,,494575,137520.00,,
"Добровільний продаж. Нежитлове приміщення №110 ЖК ""Фестивальний"" заг. пл. 21,5 кв.м, що знаходиться за адресою: Дніпропетровська обл., м. Дніпро, вул. Січеславська Набережна, буд. 49а ","Торги не відбулися","Нежитлове приміщення",м.Київ,,494598,174000.00,,
"Ноутбук ASER ASPIRE E1, модель Q5WPH, чорного кольору, б/в","Торги не відбулися",Ноутбуки,"Чернігівська обл.",,494948,3000.00,,61839466
"МФП ""Samsung"", модель SCX-3405, білого кольору, б/в","Торги не відбулися",Оргтехніка,"Чернігівська обл.",,494952,1500.00,,61839466
"Верстат токарний Jet jwl-1440l у кількості 1 шт","Очікування сплати",Обладнання,"Одеська обл.","Учасник №7",494955,2126.00,3600.00,60911643
"Велосипед синього кольору у кількості 1 шт","Очікування сплати",Інше,"Одеська обл.","Учасник №4",494956,800.00,920.00,60911643
"Віброшліфувальна машина EINNEIL E-VS-280 у кількості 1 шт","Очікування сплати",Інструменти,"Одеська обл.","Учасник №12",494957,272.64,2617.00,60911643
"Електрична пила по дереву у кількості 1 шт","Очікування сплати",Обладнання,"Одеська обл.","Учасник №13",494958,468.80,4992.72,60911643
"Електрична газонокосарка із навісним обладнанням GARDENA у кількості 1 шт","Торги не відбулися","Сад і дім","Одеська обл.",,494960,735.36,,60911643
"Хімічна рідина SEACARE O.S.D. - 2 у кількості 25 л","Торги не відбулися","Будівельні матеріали","Миколаївська обл.",,494963,3486.75,,62752794
"Окуляри чорні з оправою срібною","Торги не відбулися",Аксесуари,"Миколаївська обл.",,494964,40.00,,60180496
"Окуляри чорні з помаранчевими літерами 4184 5519 140","Торги не відбулися",Аксесуари,"Миколаївська обл.",,494966,40.00,,60180496
"Компресор MIOL , модель №АS186, потужність 1/6 HP, розмір 310х135х310, б/у","Торги не відбулися",Обладнання,"Херсонська обл.",,494965,834.38,,57910287
"Окуляри сірі 5721 782 465 5 6417 130","Торги не відбулися",Аксесуари,"Миколаївська обл.",,494967,40.00,,60180496
"Окуляри чорні 2043 6015 142","Торги не відбулися",Аксесуари,"Миколаївська обл.",,494968,40.00,,60180496
"Окуляри білі з кольоровими буквами 2138 4720 134 с3","Торги не відбулися",Аксесуари,"Миколаївська обл.",,494969,40.00,,60180496
"Окуляри сірі 5888 913 95 5 57 20 133","Торги не відбулися",Аксесуари,"Миколаївська обл.",,494970,40.00,,60180496
"Кришка клапанів Таврія","Торги не відбулися",Запчастини/аксесуари,"Черкаська обл.",,494976,150.00,,32630849
"Стілець з металевими ніжками та спинкою","Торги не відбулися",Меблі,"Сумська обл.",,494389,500.00,,65690669
"Окуляри коричневі 706 5","Торги не відбулися",Аксесуари,"Миколаївська обл.",,494974,40.00,,60180496
"Рем комплект карбюратора КА 127 Запорожець (7 шт.)","Торги не відбулися",Запчастини/аксесуари,"Черкаська обл.",,494977,75.00,,32630849
"Вал деференціала Запорожець в кількості 5 шт.","Торги не відбулися",Запчастини/аксесуари,"Черкаська обл.",,494978,75.00,,32630849
"Запчастини КПП ЗАЗ комплект в кількості 3 шт","Торги не відбулися",Запчастини/аксесуари,"Черкаська обл.",,494980,45.00,,32630849
"Бампер задній Запорожець, чорного кольору ","Торги не відбулися",Запчастини/аксесуари,"Черкаська обл.",,494981,37.50,,32630849
"Підкрилок задній лівий Таврія, чорного кольору","Торги не відбулися",Запчастини/аксесуари,"Черкаська обл.",,494982,37.50,,32630849
"Прокладки карбюратора Запорожець 40 (20 шт.)","Торги не відбулися",Запчастини/аксесуари,"Черкаська обл.",,494983,37.50,,32630849
"Додатковий вентилятор в кількості 3 шт.","Торги не відбулися",Запчастини/аксесуари,"Черкаська обл.",,494984,37.50,,32630849
"Скло поворотів ЗАЗ переднє в кількості 9 шт.","Торги не відбулися",Запчастини/аксесуари,"Черкаська обл.",,494991,33.75,,32630849
"Накладки на гальмівні колодки Запорожець (комплект) в кількості 8 шт","Торги не відбулися",Запчастини/аксесуари,"Черкаська обл.",,494994,30.00,,32630849
"Комплект прокладок бензонасоса Запорожець (16 шт.)","Торги не відбулися",Запчастини/аксесуари,"Черкаська обл.",,495000,22.50,,32630849
"Кнопка аварійки ","Складання акту",Запчастини/аксесуари,"Черкаська обл.","Учасник №2",495001,22.50,22.50,32630849
"Деревина породи ""Сосна звичайна"" - 8 шт.","Складання акту",Сировина,"Донецька обл.","Учасник №2",494985,200.00,200.00,66024742
"DVD програвач марки “SAMSUNG“","Торги не відбулися","Інша техніка","Івано-Франківська обл.",,494947,700.00,,50569183
"Реле РР310-6","Складання акту",Запчастини/аксесуари,"Черкаська обл.","Учасник №3",495002,15.00,15.00,32630849
"Реле РБ1","Складання акту",Запчастини/аксесуари,"Черкаська обл.","Учасник №3",495003,15.00,15.00,32630849
"Козирок сонецезахисний  Daewoo Lanos, сірого кольору, в кількості 6 шт.","Складання акту",Запчастини/аксесуари,"Черкаська обл.","Учасник №2",495004,15.00,15.00,32630849
"Попільничка Daewoo Lanos","Торги не відбулися",Запчастини/аксесуари,"Черкаська обл.",,495005,15.00,,32630849
"Датчик положення дросельної заслонки ВАЗ","Торги не відбулися",Запчастини/аксесуари,"Черкаська обл.",,495006,15.00,,32630849
"Кожух рульової колонки (2 шт.) Запорожець","Торги не відбулися",Запчастини/аксесуари,"Черкаська обл.",,495008,15.00,,32630849
"Поршневі кільця (комплект) ЗАЗ","Торги не відбулися",Запчастини/аксесуари,"Черкаська обл.",,495012,15.00,,32630849
"Реле сигнала в кількості 2 шт.","Складання акту",Запчастини/аксесуари,"Черкаська обл.","Учасник №2",495013,15.00,15.00,32630849
"Електрична пила ланцюгова марки ""WORCRAFT""","Торги не відбулися",Інструменти,"Дніпропетровська обл.",,494839,3645.00,,66790051
"Вентилятор Sens без мотора","Торги не відбулися",Запчастини/аксесуари,"Черкаська обл.",,495014,15.00,,32630849
"Гойдалка дерев'яна","Торги не відбулися","Сад і дім","Рівненська обл.",,492679,4000.00,,34052135
"Тачка будівельна, сірого кольору, одноколісна","Торги не відбулися","Сад і дім","Рівненська обл.",,492687,900.00,,34052135
"Телевізор ALPARI, модель 29Е12PFSL","Торги не відбулися",Телевізори,"Рівненська обл.",,492682,300.00,,34052135
"Лопати  у кількості 2 штуки","Торги не відбулися",Інструменти,"Рівненська обл.",,495028,225.00,,63111187
"Бензопила марки CRAFT CT9000","Торги не відбулися",Інструменти,"Рівненська обл.",,495029,750.00,,61930024
"Мобільний телефон ""SAMSUNG DUOS"" ","Торги не відбулися","Мобільні телефони","Дніпропетровська обл.",,494834,889.00,,66444388
"Стіл письмовий двотумбовий","Торги не відбулися",Меблі,"Сумська обл.",,494392,600.00,,65690669
"Стіл округлої форми","Торги не відбулися",Меблі,"Сумська обл.",,494394,2000.00,,65690669
"Гідравлічний візок (рокла) Leistunglift,  вантажопідйомністю 2,5 тонни","Складання акту",Обладнання,"Хмельницька обл.","Учасник №3",495036,3562.50,3562.50,63415085
"Офісні стільці у кількості 5 шт.","Складання акту",Меблі,"Полтавська обл.","Учасник №4",495074,1946.25,1946.25,62906012
"Стіл для харчування на металевих ніжках у кількості 5 шт.","Торги не відбулися",Меблі,"Полтавська обл.",,495073,3675.00,,62906012
"Шаровий кран BREEZE у кількості 4 шт.","Торги не відбулися",Обладнання,"Полтавська обл.",,495072,1521.00,,62906012
"Принтер АР 5,4","Торги не відбулися",Оргтехніка,"Полтавська обл.",,495071,1949.25,,62906012
"Мікрохвильова піч LG","Торги не відбулися","Мала побутова техніка","Полтавська обл.",,495070,1461.75,,62906012
"Системний блок MULTIMEDIA COMPUTER SYSTEM","Торги не відбулися",Комп'ютери,"Полтавська обл.",,495069,487.50,,62906012
"Монітор PHILIPS 170S","Торги не відбулися",Монітори,"Полтавська обл.",,495067,146.25,,62906012
"Компресор 10А-Д 31391, 1/8, 70Вт","Складання акту",Обладнання,"Полтавська обл.","Учасник №2",495068,1184.25,1184.25,62906012
"Машина для різки паперу PAPER SHEE PS 20100","Торги не відбулися",Оргтехніка,"Полтавська обл.",,495066,1495.50,,62906012
"Шафа металева","Торги не відбулися",Меблі,"Полтавська обл.",,495065,1901.25,,62906012
"Двигун асинхронний","Очікування сплати",Обладнання,"Полтавська обл.","Учасник №8",495064,1950.00,2651.10,62906012
"Терморегулятор цифровий","Складання акту",Інше,"Полтавська обл.","Учасник №1",495063,171.00,171.00,62906012
"Шафа металева сірого кольору з полицями","Торги не відбулися",Меблі,"Полтавська обл.",,495062,1218.75,,62906012
"Сейф металевий з електронним дисплеєм","Очікування сплати",Інше,"Полтавська обл.","Учасник №3",495060,573.00,824.00,62906012
"125 кг брухту чорного металу","Складання акту",Брухт,"Кіровоградська обл.","Учасник №1",495059,150.00,150.00,54468254
"Чайник електричний з нержавіючої сталі DELFA","Торги не відбулися","Мала побутова техніка","Сумська обл.",,494399,100.00,,65690669
"Автомобіль Mercedes Benz 300D, кузов WDB1241331B649302, ДНЗ CE0942AH, 1991 року випуску, об’єм турбодизельного двигуна 3.0л., колір коричневий.","Реєстрація учасників","Легкові автомобілі","Волинська обл.",,496288,26081.50,,58297826
"ІПОТЕКА. Житловий будинок з надвірними спорудами загальною площею 112.5 кв.м., та земельна ділянка площею 0.100 га, К/Н: 5121085400:03:001:0004, за адресою: Одеська обл., Біляївський р., с. Алтестове, вул. Радянська, буд. 20, діл. 20","Реєстрація учасників","Житлова нерухомість","Одеська обл.",,496291,436124.80,,58152404
"ІПОТЕКА. Нежиле приміщення загальною площею 212.0 кв.м., за адресою: Одеська область, Лиманський район, с. Сичавка, вул. Набережна, буд. 9 ""а""","Реєстрація учасників","Нежитлове приміщення","Одеська обл.",,496292,431819.20,,65077042
"ІПОТЕКА. Житловий будинок з господарчими будівлями та спорудами, загальною площею 26,9 кв.м. та земельна ділянка площею 0,2500 га, КН: 5123783700:02:001:0082, за адресою: Одеська обл., Овідіопольський р-н, с. Роксолани, вул. Спеціалістів, 23","Реєстрація учасників","Житлова нерухомість","Одеська обл.",,496293,259452.00,,60749924
"Вантажний автомобіль DODGE DAKOTA, 2004 р.в., ДНЗ АМ1698АК, № кузова: 1D7FL16K24S634555","Реєстрація учасників","Вантажні автомобілі","Київська обл.",,496294,182775.00,,66498865
"Двоповерховий житловий будинок літ. А-2, загальною площею 351,9 кв.м.та земельна ділянка площею - 0,0905 га, КН: 6310137200:08:018:0005, за адресою: Харківська обл., м.Харків, вул. Риківська, буд.24","Реєстрація учасників","Житлова нерухомість","Харківська обл.",,496296,2916760.00,,64297465
"Металобрухт вагою 240 кілограм","Реєстрація учасників",Брухт,"Чернігівська обл.",,496297,540.00,,63019702
"DVD програвач марки “SAMSUNG“","Реєстрація учасників","Інша техніка","Івано-Франківська обл.",,496298,525.00,,50569183
"ІПОТЕКА. Однокімнатна квартира, загальною площею 27,4 кв.м., за адресою: м. Одеса, вул.. Отамана Чепіги, буд. 4, кв. 7","Реєстрація учасників","Житлова нерухомість","Одеська обл.",,496242,368200.00,,56898506
"Колісний транспортний засіб ГАЗ 3307, реєстраційний номер ВК1677АІ, VIN/номер кузову: ХТН330700М1424912, колір синій, 1991 року випуску","Реєстрація учасників","Вантажні автомобілі","Рівненська обл.",,496299,9352.50,,60121531
"Колісний транспортний засіб ЗИЛ 130, реєстраційний номер ВК0613АО, VIN/номер кузову: б/н, 1979 року випуску","Реєстрація учасників","Вантажні автомобілі","Рівненська обл.",,496300,9043.00,,60121531
"Колісний транспортний засіб ЗИЛ-ММЗ 4502, реєстраційний номер ВК8583АВ, VIN/номер кузову: 29589, колір зелений, 1989 року випуску","Реєстрація учасників","Вантажні автомобілі","Рівненська обл.",,496301,11087.50,,60121531
"Автомобіль вантажний бортовий ГАЗ 6611 1986 р.в., ДНЗ: СЕ4322АІ","Реєстрація учасників","Вантажні автомобілі","Чернівецька обл.",,496302,7800.00,,61287989
"ІПОТЕКА. Трикімнатна квартира, загальною площею 66,9 кв.м., за адресою: м. Одеса, вулиця Архітекторська, будинок 22, квартира 1","Реєстрація учасників","Житлова нерухомість","Одеська обл.",,496268,875973.00,,62780296
"ІПОТЕКА. Адмінбудинок, загальною площею 566.8 кв.м., що знаходиться за адресою: Одеська область, Великомихайлівський район, смт Цебрикове, вул. Миру, буд. 70","Реєстрація учасників",Будівлі,"Одеська обл.",,496283,806877.00,,66588064
"Легковий автомобіль марки VOLKSWAGEN, модель CC, 2011 року випуску, реєстраційний номер АА6868ММ, VIN/номер шасі (кузова, рами): WVWMP7AN7CE525614, колір чорний","Реєстрація учасників","Легкові автомобілі",м.Київ,,496273,208222.45,,66851798
"Свердловина на воду №4, що знаходиться за адресою: Івано-Франківська область, Долинський район, с.Старий Мізунь, урочище Верхній Чертіж","Реєстрація учасників",Інше,"Івано-Франківська обл.",,495209,72028.00,,52249497
"Нежитлове приміщення, загальною площею 126,38  кв.м за адресою: Херсонська обл., м. Херсон, вул. Тираспольська, буд. 1, приміщення 112","Реєстрація учасників","Нежитлове приміщення","Херсонська обл.",,496307,889928.75,,64019113
"Добровільний продаж. Імпортні бюстгальтери високої якості у кількості 1150 штук","Реєстрація учасників",Одяг,"Житомирська обл.",,496303,56000.00,,
"Транспортний засіб SSANG YONG KORANDO, 2012 р.в., ДНЗ ВН3588ЕІ, номер кузова: Y7WCK48A4C0018367/ KPTA0B18SCP084025","Реєстрація учасників","Легкові автомобілі","Одеська обл.",,496308,171300.00,,65784770
"Розкладне крісло-шезлонг у кількості 1 шт","Реєстрація учасників",Меблі,"Одеська обл.",,496309,480.00,,60911643
"Автомобіль марки «Seat»  модель «Alhambra», 1999 року випуску, реєстраційний номер RP50669, VIN/номер шасі (кузова, рами): VSSZZZ7MZYV501302","Реєстрація учасників","Легкові автомобілі","Чернігівська обл.",,494823,11935.00,,62817394
"ІПОТЕКА. Однокімнатна квартира, загальною площею 31,80 кв.м., житлова площа 14,40 кв.м., за адресою: м. Київ, вул. Петра Григоренка, буд. 25А, кв. 78","Реєстрація учасників","Житлова нерухомість",м.Київ,,496049,835495.00,,66111081
"Мотоцикл LIFAN, модель LF175-2E, синього кольору, 2020 року виробництва, VIN LF3PCL2E6LA000617, номерний знак СВ2998АВ","Реєстрація учасників",Мототранспорт,"Чернігівська обл.",,496267,21630.00,,66510909
"Добровільний продаж. Нежитлова будівля заг. пл. 829 кв. м, що знаходиться за адресою: Донецька обл., м. Лиман, вул. Свободи, буд. 77а","Реєстрація учасників",Будівлі,"Донецька обл.",,496310,3000000.00,,
"Нежитлові будівлі розташовані за адресою: м. Полтава, вул. Старокотелевська, 12","Реєстрація учасників",Будівлі,"Полтавська обл.",,496311,501900.00,,58287512
"Мобільний телефон Nokia 1280","Реєстрація учасників","Мобільні телефони","Хмельницька обл.",,496087,100.00,,65402546
"Транспортний засіб: автомобіль легковий, марка: MERCEDES-BENZ, модель: GLE 400, VIN/Номер шасі (кузова, рами): WDC2923561A058262, ДНЗ: АІ0888ЕА, рік виробництва: 2016, колір: сірий","Реєстрація учасників","Легкові автомобілі",м.Київ,,496319,1120830.00,,66188886
"Легковий автомобіль «VOLKSWAGEN GOLF» реєстраційний номер LMO244 (згідно рішення суду реєстраційний номер LGU684), VIN – код WVWZZZ1JZXP123185, 1998 року випуску","Реєстрація учасників","Легкові автомобілі","Чернігівська обл.",,496339,63940.61,,65941848
"Колісний транспортний засіб OPEL ASTRA – G 2.0 DTI, 2000 р.в., ДНЗ KCH1XN2, № кузова: W0L0TGF35Y2315699","Реєстрація учасників","Легкові автомобілі","Тернопільська обл.",,496231,100204.31,,65278847
"Транспортний засіб MERCEDES-BENZ E320, 2003 року випуску, ДНЗ ВН8131HH, VIN: WDB2110261A223088","Реєстрація учасників","Легкові автомобілі","Одеська обл.",,496313,149293.00,,59062129
"23/100 частки адмінбудівлі, літера «А», ганку, літера «а», ганку, літера «а1», ганку, літера «а2», заг. пл.1781,4 кв.м., та земельна ділянка, площею 0.0521 га, КН 0520280600:09:005:0011, за адресою: Вінницька обл.,Барський р.,с.Заможне, вул.Кармелюка,65-А","Реєстрація учасників",Будівлі,"Вінницька обл.",,496139,1172450.00,,62441272
"77/100 частки адмінбудівлі, літера ""А"", ганку, літера ""а"", ганку, літера ""а1"", ганку, літера ""а2"", загальною площею 1781,4 кв.м., за адресою: Вінницька область, Барський район, село Заможне, вул. Кармелюка, 65-А","Реєстрація учасників",Будівлі,"Вінницька обл.",,496118,3603950.00,,56694508
"Легковий автомобіль ЗАЗ 110557(вантажний), 2003 р.в., білого кольору, ДНЗ: АН1226НР, VIN:Y6D11055730020533","Реєстрація учасників","Легкові автомобілі","Донецька обл.",,496286,16900.00,,62011133
"Легковий автомобіль RENAULT MEGANE, 2007р.в. сірого кольору, ДНЗ :АН4897СР, VIN:VF1LM1A0H38459297","Реєстрація учасників","Легкові автомобілі","Донецька обл.",,496254,124700.00,,65584563
"ІПОТЕКА: будівля їдальні літ. ""А-2"" загальною площею 780 кв.м., що знаходиться за адресою: м. Львів, вул. Жовківська, буд. 63","Реєстрація учасників",Будівлі,м.Київ,,496289,4662603.00,,65057201
"ІПОТЕКА: будівля літ. ""А'-2"" загальною площею 1610,70 кв.м., що знаходиться за адресою: м. Львів, вул. Жовківська, буд. 63","Реєстрація учасників",Будівлі,м.Київ,,496315,8866263.00,,65057201
"ІПОТЕКА: будівля літ. ""А-4"" загальною площею 7417 кв.м., що знаходиться за адресою: м. Львів, вул. Жовківська, буд. 63","Реєстрація учасників",Будівлі,м.Київ,,496316,34223648.00,,65057201
"Іпотека. Житловий будинок, загальною площею 179,7 кв.м., за адресою: м. Запоріжжя, вул. Станіславського, буд. 23","Реєстрація учасників","Житлова нерухомість","Запорізька обл.",,496278,826320.00,,61792747
"Косметологічний апарат ультразвуковий, для чистки обличчя марки ""AQUA JET5000""","Реєстрація учасників",Обладнання,"Чернівецька обл.",,495916,38713.00,,63292434
"Транспортний засіб марки Skoda Octavia, 2000 року випуску, реєстраційний номер LRY8F55, № кузова TMBGE21U3Y2408490, сірого кольору, об’єм двигуна 1984 см. куб., тип пального - бензин","Реєстрація учасників","Легкові автомобілі","Львівська обл.",,495975,114440.03,,64025459
"Апарат марки ""Centrifuge MODEL 800B""","Реєстрація учасників",Обладнання,"Чернівецька обл.",,495920,2849.00,,63292434
"ІПОТЕКА: будівля літ. ""А-2"" загальною площею 1363,50 кв.м., що знаходиться за адресою: м. Львів, вул. Жовківська, буд. 63","Реєстрація учасників",Будівлі,м.Київ,,496314,7650634.00,,65057201
"Косметологічний комбайн марки ""ALVI N-05""","Реєстрація учасників",Обладнання,"Чернівецька обл.",,495928,22192.00,,63292434
"Транспортний засіб марки Alfa Romeo 147, 2003 року випуску, реєстраційний номер KGJ830, № кузова ZAR93700003146116, чорного кольору, об’єм двигуна 1910 см. куб., тип пального - дизель","Реєстрація учасників","Легкові автомобілі","Львівська обл.",,495992,169473.95,,62123833
"Майнові права (право власності) на торговельну марку згідно свідоцтва України на знаки для товарів та послуг № 183474 «ЛУННЫЙ МРАМОР»","Реєстрація учасників","Права вимоги","Київська обл.",,495892,832.00,,57692164
"Транспортний засіб марки Renault Clio, 1992 року випуску, реєстраційний номер LKR82MS, № кузова VF1B57R0508555713, синього кольору, об’єм двигуна 1200 см. куб., тип пального - бензин","Реєстрація учасників","Легкові автомобілі","Львівська обл.",,495999,72572.12,,61116569
"Накопичувач HASP NL 321-60","Реєстрація учасників",Накопичувачі,"Полтавська обл.",,496337,90.00,,60395303
"Лазер косметологічний для видалення судин марки ""ALVI PRAGUE DLS-980""","Реєстрація учасників",Обладнання,"Чернівецька обл.",,496001,52250.00,,63292434
"ІПОТЕКА. Двокімнатна квартира № 19, загальною площею 63.8 кв.м., за адресою: м. Одеса, вул. Тополина (Тополева), буд. 14","Реєстрація учасників","Житлова нерухомість","Одеська обл.",,496333,1233564.00,,66465935
"Майнові права (право власності) на торговельну марку згідно свідоцтва України на знаки для товарів та послуг № 183475 «ЛУННЫЙ ГРАНИТ»","Реєстрація учасників","Права вимоги","Київська обл.",,495895,832.00,,57692164
"1/3 частина житлового будинку, загальною площею 81,6 кв.м. (фактично квартира під №2) та 1/3 частина земельної ділянки, площею 0,0496 га, к/н 8000000000:88:043:0017, за адресою: м. Київ, вул. Параджанова Сергія, 9А","Реєстрація учасників","Житлова нерухомість",м.Київ,,496328,1088043.00,,66396000
"Мобільний телефон ""SAMSUNG DUOS"" ","Реєстрація учасників","Мобільні телефони","Дніпропетровська обл.",,496346,666.75,,66444388
"Електрична пила ланцюгова марки ""WORCRAFT""","Реєстрація учасників",Інструменти,"Дніпропетровська обл.",,496344,2733.75,,66790051
"Майнові права (право власності) на торговельну марку згідно свідоцтва України на знаки для товарів та послуг № 183476 «ЛУННЫЙ ТРАВЕРТИН»","Реєстрація учасників","Права вимоги","Київська обл.",,495897,832.00,,57692164
"Транспортний засіб марки Renault Clio, 1998 року випуску, реєстраційний номер BA660LA, № кузова VF1BBOA0F17825684, синього кольору, об’єм двигуна 1050 см. куб., тип пального - бензин","Реєстрація учасників","Легкові автомобілі","Львівська обл.",,496149,77443.44,,65987930
"Апарат пресотерапії  марки ""ALVI Prague PR-901""","Реєстрація учасників",Обладнання,"Чернівецька обл.",,496005,43700.00,,63292434
"Майнові права (право власності) на торговельну марку згідно свідоцтва України на знаки для товарів та послуг № 183477 «ЛУННЫЙ КАМЕНЬ»","Реєстрація учасників","Права вимоги","Київська обл.",,495899,832.00,,57692164
"Майнові права (право власності) на торговельну марку згідно свідоцтва України на знаки для товарів та послуг № 186461 «КРИСТАЛЬ»","Реєстрація учасників","Права вимоги","Київська обл.",,495904,823.00,,57692164
"Апарат косметологічний марки ""ALVI prague Alvi Derm""","Реєстрація учасників",Обладнання,"Чернівецька обл.",,495940,19000.00,,63292434
"Транспортний засіб марки AUDI A4, 2011 року випуску, реєстраційний номер F95639, № кузова WAUZZZ8K5BA145505, чорного кольору, об’єм двигуна 1968 см. куб., тип пального - дизель","Реєстрація учасників","Легкові автомобілі","Львівська обл.",,496151,368763.73,,65822856
"Майнові права (право власності) на торговельну марку згідно свідоцтва України на знаки для товарів та послуг № 183478 «РОККО»","Реєстрація учасників","Права вимоги","Київська обл.",,495902,832.00,,57692164
"Автомобіль марки BMW, модель 528I, 1996 року випуску, д.н. АЕ6716IO, кузов №WBADD61040BR03888","Реєстрація учасників","Легкові автомобілі","Дніпропетровська обл.",,496312,100866.00,,66666446
"Майнові права (право власності) на торговельну марку згідно свідоцтва України на знаки для товарів та послуг № 184611 «МРАМОР СКАЛА»","Реєстрація учасників","Права вимоги","Київська обл.",,495903,831.00,,57692164
"Транспортний засіб марки Volkswagen Touran, 2011 року випуску, реєстраційний номер ZST75089, № кузова WVGZZZ1TZCW029063, чорного кольору, об’єм двигуна 1968 см. куб., тип пального - дизель","Реєстрація учасників","Легкові автомобілі","Львівська обл.",,496155,334525.57,,65802910
"Майнові права (право власності) на торговельну марку згідно свідоцтва України на знаки для товарів та послуг № 243838 «brickhouse-nbt»","Реєстрація учасників","Права вимоги","Київська обл.",,495905,2089.00,,57692164
"Автомобіль УАЗ 452Д, ДНЗ 2552ПОМ, 1982 р.в., зеленого кольору, кузов №273529","Реєстрація учасників","Вантажні автомобілі","Полтавська обл.",,496358,22275.00,,65230888
"Легковий автомобіль ВАЗ 21103, ДНЗ 11348СН, 2003 р.в., зеленого кольору, № кузова ХТА2103030574630 ","Реєстрація учасників","Легкові автомобілі","Полтавська обл.",,496357,28200.00,,10311474
"Транспортний засіб марки УАЗ, модель 31512, 1994 р.в., ДНЗ ПОС1971, кузов №500129","Реєстрація учасників","Легкові автомобілі","Полтавська обл.",,496356,15600.00,,32968855
"Транспортний засіб УАЗ 452, 1990 р.в., ДНЗ 2230ПОУ, жовтого кольору, № кузова 89115/1","Реєстрація учасників","Вантажні автомобілі","Полтавська обл.",,496355,15950.00,,32968855
"Легковий автомобіль Peugeot 305, ДНЗ 43963СК, бежевого кольору, 1986 р. в., кузов № VF3581E48G9558308","Реєстрація учасників","Легкові автомобілі","Полтавська обл.",,496353,8600.00,,66583929
"Флеш-накопичувач Transcеnd micro 4GB","Реєстрація учасників",Накопичувачі,"Кіровоградська обл.",,496352,37.50,,66142177
"SIM-карта мобільного оператора зв’язку ""Київстар""","Реєстрація учасників",Накопичувачі,"Кіровоградська обл.",,496351,15.00,,66142177
"Зарядний пристрій до мобільного телефону XIAOMI Power Adapter, Model: MDY-08-EO","Реєстрація учасників",Інше,"Кіровоградська обл.",,496350,75.00,,66142177
"Шаровий Кран BREEZE 11c42п","Реєстрація учасників",Обладнання,"Полтавська обл.",,496349,253.50,,62906012
"Шафа металева з полицями","Реєстрація учасників",Меблі,"Полтавська обл.",,496348,1267.50,,62906012
"Ноутбук марки ""ASUS X552C""","Реєстрація учасників",Ноутбуки,"Чернівецька обл.",,496013,11305.00,,63292434
"Саморобний транспортний засіб ""Дига"" та причіп до саморобного транспортного засобу ""Дига"", ДНЗ відсутні""","Реєстрація учасників",Мототранспорт,"Львівська обл.",,496359,6842.25,,64676566
"Кварцова лампа марки ""Bactosfera"", модель ""ОВВ30Р""","Реєстрація учасників",Обладнання,"Чернівецька обл.",,496015,950.00,,63292434
"Башенний кран БК-1000, заводський №625, інвентарний номер 415022","Реєстрація учасників",Обладнання,"Львівська обл.",,496360,3848723.25,,50259885
"Мобільні телефони з маркуванням "" Apple iPhone 11'' Model A2111, 20 шт., без заводської упаковки та аксесуарів","Реєстрація учасників","Мобільні телефони","Львівська обл.",,496305,377220.00,,64639900
"Ультрафіолетова лампа марки ""GermixSB-1002""","Реєстрація учасників",Обладнання,"Чернівецька обл.",,496027,618.00,,63292434
"Ноутбук макри ""DELL Latitude E7450""","Реєстрація учасників",Ноутбуки,"Чернівецька обл.",,496106,14868.00,,63292434
"Нежитлове приміщення літ. 4-3, 4-4. загальною площею: 53,9 кв.м., що знаходиться за адресою: м. Львів, вул. Наукова, 59-61","Реєстрація учасників","Комерційна нерухомість","Львівська обл.",,496336,1080700.00,,66906467
"Клімазон марки ""Monitor Medialine""","Реєстрація учасників",Обладнання,"Чернівецька обл.",,496054,12825.00,,63292434
"Стерелізатор марки ""MINI HIGH TEMPERATURE Sterelizer CH-360T""","Реєстрація учасників",Обладнання,"Чернівецька обл.",,496056,855.00,,63292434
"Кільцева лампа марки ""PLH-480L"", в комплекті стійка-тринога, та держак ""селфі""","Реєстрація учасників",Обладнання,"Чернівецька обл.",,496138,3658.00,,63292434
"Крісло візажиста чорного кольору, розкладне з дерев’яною основою","Реєстрація учасників",Обладнання,"Чернівецька обл.",,496127,2684.00,,63292434
"Крісла візажиста білого кольору, без підлокотників, поворотні, 2 штуки","Реєстрація учасників",Обладнання,"Чернівецька обл.",,496123,5368.00,,63292434
"Соковижималка марки «DMS JR-2»","Реєстрація учасників","Мала побутова техніка","Чернівецька обл.",,496119,27550.00,,63292434
"Монітор марки ""Acer V193HQ""","Реєстрація учасників",Монітори,"Чернівецька обл.",,496100,3658.00,,63292434
